{
  "HTTP Request_register_successful" : {
    "transaction" : "HTTP Request_register_successful",
    "sampleCount" : 1500,
    "errorCount" : 2,
    "errorPct" : 0.13333334,
    "meanResTime" : 10475.854666666664,
    "medianResTime" : 10664.5,
    "minResTime" : 4694.0,
    "maxResTime" : 16112.0,
    "pct1ResTime" : 13757.9,
    "pct2ResTime" : 14322.6,
    "pct3ResTime" : 14999.93,
    "throughput" : 79.63897000265463,
    "receivedKBytesPerSec" : 136.09169680780462,
    "sentKBytesPerSec" : 13.592028636846296
  },
  "HTTP Request_update" : {
    "transaction" : "HTTP Request_update",
    "sampleCount" : 1500,
    "errorCount" : 0,
    "errorPct" : 0.0,
    "meanResTime" : 515.894666666667,
    "medianResTime" : 484.0,
    "minResTime" : 342.0,
    "maxResTime" : 2770.0,
    "pct1ResTime" : 620.5000000000005,
    "pct2ResTime" : 859.6500000000003,
    "pct3ResTime" : 1666.93,
    "throughput" : 147.23203769140164,
    "receivedKBytesPerSec" : 105.8945343173341,
    "sentKBytesPerSec" : 35.513977841578324
  },
  "Total" : {
    "transaction" : "Total",
    "sampleCount" : 7500,
    "errorCount" : 2,
    "errorPct" : 0.026666667,
    "meanResTime" : 2399.960400000008,
    "medianResTime" : 437.0,
    "minResTime" : 13.0,
    "maxResTime" : 16112.0,
    "pct1ResTime" : 10664.900000000001,
    "pct2ResTime" : 12391.9,
    "pct3ResTime" : 14322.919999999998,
    "throughput" : 382.30196758079313,
    "receivedKBytesPerSec" : 418.0822458966256,
    "sentKBytesPerSec" : 76.14429748827608
  },
  "HTTP Request_delete" : {
    "transaction" : "HTTP Request_delete",
    "sampleCount" : 1500,
    "errorCount" : 0,
    "errorPct" : 0.0,
    "meanResTime" : 218.1100000000004,
    "medianResTime" : 110.0,
    "minResTime" : 13.0,
    "maxResTime" : 2490.0,
    "pct1ResTime" : 433.8000000000002,
    "pct2ResTime" : 1056.1500000000008,
    "pct3ResTime" : 1758.2800000000007,
    "throughput" : 152.5010166734445,
    "receivedKBytesPerSec" : 148.5431387250915,
    "sentKBytesPerSec" : 25.317551596177307
  },
  "HTTP Request_create" : {
    "transaction" : "HTTP Request_create",
    "sampleCount" : 1500,
    "errorCount" : 0,
    "errorPct" : 0.0,
    "meanResTime" : 576.0893333333347,
    "medianResTime" : 497.0,
    "minResTime" : 346.0,
    "maxResTime" : 2318.0,
    "pct1ResTime" : 848.9000000000001,
    "pct2ResTime" : 1078.95,
    "pct3ResTime" : 1950.0,
    "throughput" : 145.82928251993,
    "receivedKBytesPerSec" : 98.64154706640093,
    "sentKBytesPerSec" : 36.74214344740424
  },
  "HTTP Request_list_resource" : {
    "transaction" : "HTTP Request_list_resource",
    "sampleCount" : 1500,
    "errorCount" : 0,
    "errorPct" : 0.0,
    "meanResTime" : 213.85333333333327,
    "medianResTime" : 167.0,
    "minResTime" : 14.0,
    "maxResTime" : 2966.0,
    "pct1ResTime" : 416.0,
    "pct2ResTime" : 568.0,
    "pct3ResTime" : 1848.6900000000003,
    "throughput" : 151.19443604475356,
    "receivedKBytesPerSec" : 210.06951006702954,
    "sentKBytesPerSec" : 25.10063879649229
  }
}