{
  "HTTP Request_register_successful" : {
    "transaction" : "HTTP Request_register_successful",
    "sampleCount" : 1000,
    "errorCount" : 0,
    "errorPct" : 0.0,
    "meanResTime" : 3064.2949999999983,
    "medianResTime" : 3163.5,
    "minResTime" : 80.0,
    "maxResTime" : 7729.0,
    "pct1ResTime" : 5340.799999999998,
    "pct2ResTime" : 6081.499999999998,
    "pct3ResTime" : 6964.92,
    "throughput" : 89.54956568460642,
    "receivedKBytesPerSec" : 152.87615015223426,
    "sentKBytesPerSec" : 15.303880854302857
  },
  "HTTP Request_update" : {
    "transaction" : "HTTP Request_update",
    "sampleCount" : 1000,
    "errorCount" : 0,
    "errorPct" : 0.0,
    "meanResTime" : 395.1780000000005,
    "medianResTime" : 368.0,
    "minResTime" : 343.0,
    "maxResTime" : 15926.0,
    "pct1ResTime" : 428.0,
    "pct2ResTime" : 434.0,
    "pct3ResTime" : 448.0,
    "throughput" : 55.45389009038984,
    "receivedKBytesPerSec" : 39.88943447429712,
    "sentKBytesPerSec" : 13.376084816724893
  },
  "Total" : {
    "transaction" : "Total",
    "sampleCount" : 5000,
    "errorCount" : 0,
    "errorPct" : 0.0,
    "meanResTime" : 1152.8704000000032,
    "medianResTime" : 359.0,
    "minResTime" : 13.0,
    "maxResTime" : 15926.0,
    "pct1ResTime" : 4079.9000000000005,
    "pct2ResTime" : 5031.0,
    "pct3ResTime" : 6139.0,
    "throughput" : 197.30870920642437,
    "receivedKBytesPerSec" : 215.69294818673296,
    "sentKBytesPerSec" : 39.307594412217355
  },
  "HTTP Request_delete" : {
    "transaction" : "HTTP Request_delete",
    "sampleCount" : 1000,
    "errorCount" : 0,
    "errorPct" : 0.0,
    "meanResTime" : 34.18199999999999,
    "medianResTime" : 31.0,
    "minResTime" : 13.0,
    "maxResTime" : 351.0,
    "pct1ResTime" : 50.0,
    "pct2ResTime" : 61.0,
    "pct3ResTime" : 103.99000000000001,
    "throughput" : 56.516333220300666,
    "receivedKBytesPerSec" : 55.05286926359218,
    "sentKBytesPerSec" : 9.382594382276478
  },
  "HTTP Request_create" : {
    "transaction" : "HTTP Request_create",
    "sampleCount" : 1000,
    "errorCount" : 0,
    "errorPct" : 0.0,
    "meanResTime" : 2213.516000000002,
    "medianResTime" : 1374.5,
    "minResTime" : 342.0,
    "maxResTime" : 6235.0,
    "pct1ResTime" : 5052.8,
    "pct2ResTime" : 5605.7,
    "pct3ResTime" : 5927.99,
    "throughput" : 118.34319526627219,
    "receivedKBytesPerSec" : 80.01456176035504,
    "sentKBytesPerSec" : 29.81693786982249
  },
  "HTTP Request_list_resource" : {
    "transaction" : "HTTP Request_list_resource",
    "sampleCount" : 1000,
    "errorCount" : 0,
    "errorPct" : 0.0,
    "meanResTime" : 57.181000000000004,
    "medianResTime" : 44.0,
    "minResTime" : 14.0,
    "maxResTime" : 263.0,
    "pct1ResTime" : 120.0,
    "pct2ResTime" : 123.0,
    "pct3ResTime" : 142.0,
    "throughput" : 234.63162834350072,
    "receivedKBytesPerSec" : 325.93907643125294,
    "sentKBytesPerSec" : 38.95251642421399
  }
}