{
  "HTTP Request_register_successful" : {
    "transaction" : "HTTP Request_register_successful",
    "sampleCount" : 1300,
    "errorCount" : 0,
    "errorPct" : 0.0,
    "meanResTime" : 5458.5261538461555,
    "medianResTime" : 6550.0,
    "minResTime" : 95.0,
    "maxResTime" : 12397.0,
    "pct1ResTime" : 10293.8,
    "pct2ResTime" : 10854.85,
    "pct3ResTime" : 11761.710000000001,
    "throughput" : 103.24835199745851,
    "receivedKBytesPerSec" : 176.3052477960448,
    "sentKBytesPerSec" : 17.64498203081566
  },
  "HTTP Request_update" : {
    "transaction" : "HTTP Request_update",
    "sampleCount" : 1300,
    "errorCount" : 0,
    "errorPct" : 0.0,
    "meanResTime" : 423.1607692307688,
    "medianResTime" : 392.0,
    "minResTime" : 347.0,
    "maxResTime" : 3258.0,
    "pct1ResTime" : 475.0,
    "pct2ResTime" : 498.0,
    "pct3ResTime" : 923.1900000000007,
    "throughput" : 96.61117717003567,
    "receivedKBytesPerSec" : 69.5106969010107,
    "sentKBytesPerSec" : 23.303672618162903
  },
  "Total" : {
    "transaction" : "Total",
    "sampleCount" : 6500,
    "errorCount" : 0,
    "errorPct" : 0.0,
    "meanResTime" : 1301.9198461538447,
    "medianResTime" : 367.0,
    "minResTime" : 13.0,
    "maxResTime" : 12397.0,
    "pct1ResTime" : 6551.600000000002,
    "pct2ResTime" : 8874.849999999999,
    "pct3ResTime" : 10854.97,
    "throughput" : 359.55304790352915,
    "receivedKBytesPerSec" : 393.11399733101007,
    "sentKBytesPerSec" : 71.6297087620312
  },
  "HTTP Request_delete" : {
    "transaction" : "HTTP Request_delete",
    "sampleCount" : 1300,
    "errorCount" : 0,
    "errorPct" : 0.0,
    "meanResTime" : 98.81000000000014,
    "medianResTime" : 60.0,
    "minResTime" : 13.0,
    "maxResTime" : 2516.0,
    "pct1ResTime" : 184.9000000000001,
    "pct2ResTime" : 226.0,
    "pct3ResTime" : 650.8600000000001,
    "throughput" : 99.14582062233069,
    "receivedKBytesPerSec" : 96.5909090909091,
    "sentKBytesPerSec" : 16.459755376754117
  },
  "HTTP Request_create" : {
    "transaction" : "HTTP Request_create",
    "sampleCount" : 1300,
    "errorCount" : 0,
    "errorPct" : 0.0,
    "meanResTime" : 431.94692307692344,
    "medianResTime" : 393.0,
    "minResTime" : 345.0,
    "maxResTime" : 2672.0,
    "pct1ResTime" : 481.0,
    "pct2ResTime" : 600.8500000000001,
    "pct3ResTime" : 998.97,
    "throughput" : 146.87605920235004,
    "receivedKBytesPerSec" : 99.32449370127668,
    "sentKBytesPerSec" : 37.00588210371709
  },
  "HTTP Request_list_resource" : {
    "transaction" : "HTTP Request_list_resource",
    "sampleCount" : 1300,
    "errorCount" : 0,
    "errorPct" : 0.0,
    "meanResTime" : 97.15538461538483,
    "medianResTime" : 57.0,
    "minResTime" : 14.0,
    "maxResTime" : 5356.0,
    "pct1ResTime" : 184.0,
    "pct2ResTime" : 213.0,
    "pct3ResTime" : 633.8700000000001,
    "throughput" : 98.97974722095324,
    "receivedKBytesPerSec" : 137.49797757728032,
    "sentKBytesPerSec" : 16.432184597228567
  }
}