{
  "HTTP Request_register_successful" : {
    "transaction" : "HTTP Request_register_successful",
    "sampleCount" : 1800,
    "errorCount" : 1742,
    "errorPct" : 96.77778,
    "meanResTime" : 22024.12277777775,
    "medianResTime" : 22358.0,
    "minResTime" : 12594.0,
    "maxResTime" : 29498.0,
    "pct1ResTime" : 26635.0,
    "pct2ResTime" : 27509.699999999997,
    "pct3ResTime" : 29031.94,
    "throughput" : 60.90133982947625,
    "receivedKBytesPerSec" : 160.23287229115914,
    "sentKBytesPerSec" : 0.33536707859656245
  },
  "HTTP Request_update" : {
    "transaction" : "HTTP Request_update",
    "sampleCount" : 1800,
    "errorCount" : 0,
    "errorPct" : 0.0,
    "meanResTime" : 563.4716666666662,
    "medianResTime" : 395.0,
    "minResTime" : 344.0,
    "maxResTime" : 9077.0,
    "pct1ResTime" : 658.1000000000008,
    "pct2ResTime" : 1538.699999999999,
    "pct3ResTime" : 4134.910000000001,
    "throughput" : 46.93489087637871,
    "receivedKBytesPerSec" : 33.75538406756017,
    "sentKBytesPerSec" : 11.321209029751506
  },
  "Total" : {
    "transaction" : "Total",
    "sampleCount" : 9000,
    "errorCount" : 1844,
    "errorPct" : 20.48889,
    "meanResTime" : 6200.733444444459,
    "medianResTime" : 441.0,
    "minResTime" : 13.0,
    "maxResTime" : 29498.0,
    "pct1ResTime" : 22938.7,
    "pct2ResTime" : 25308.949999999997,
    "pct3ResTime" : 27796.859999999997,
    "throughput" : 154.8546946781603,
    "receivedKBytesPerSec" : 201.02980724354342,
    "sentKBytesPerSec" : 25.285439410949948
  },
  "HTTP Request_delete" : {
    "transaction" : "HTTP Request_delete",
    "sampleCount" : 1800,
    "errorCount" : 0,
    "errorPct" : 0.0,
    "meanResTime" : 210.64999999999966,
    "medianResTime" : 57.0,
    "minResTime" : 13.0,
    "maxResTime" : 7835.0,
    "pct1ResTime" : 294.0,
    "pct2ResTime" : 1310.6499999999987,
    "pct3ResTime" : 3262.5800000000013,
    "throughput" : 47.36592810904689,
    "receivedKBytesPerSec" : 46.13994411478343,
    "sentKBytesPerSec" : 7.863484158728488
  },
  "HTTP Request_create" : {
    "transaction" : "HTTP Request_create",
    "sampleCount" : 1800,
    "errorCount" : 102,
    "errorPct" : 5.6666665,
    "meanResTime" : 7645.4172222222205,
    "medianResTime" : 7383.5,
    "minResTime" : 349.0,
    "maxResTime" : 29459.0,
    "pct1ResTime" : 15132.0,
    "pct2ResTime" : 18082.699999999983,
    "pct3ResTime" : 27738.87,
    "throughput" : 46.311781202562585,
    "receivedKBytesPerSec" : 36.00052542967042,
    "sentKBytesPerSec" : 11.007188778398127
  },
  "HTTP Request_list_resource" : {
    "transaction" : "HTTP Request_list_resource",
    "sampleCount" : 1800,
    "errorCount" : 0,
    "errorPct" : 0.0,
    "meanResTime" : 560.0055555555556,
    "medianResTime" : 73.0,
    "minResTime" : 13.0,
    "maxResTime" : 17592.0,
    "pct1ResTime" : 1426.0,
    "pct2ResTime" : 2836.699999999977,
    "pct3ResTime" : 8791.220000000001,
    "throughput" : 47.271390304112614,
    "receivedKBytesPerSec" : 65.67081467645359,
    "sentKBytesPerSec" : 7.847789405956195
  }
}