{
  "HTTP Request_register_successful" : {
    "transaction" : "HTTP Request_register_successful",
    "sampleCount" : 20,
    "errorCount" : 0,
    "errorPct" : 0.0,
    "meanResTime" : 233.30000000000004,
    "medianResTime" : 97.0,
    "minResTime" : 72.0,
    "maxResTime" : 1058.0,
    "pct1ResTime" : 904.3000000000005,
    "pct2ResTime" : 1051.55,
    "pct3ResTime" : 1058.0,
    "throughput" : 4.267121826328141,
    "receivedKBytesPerSec" : 7.2911943940687,
    "sentKBytesPerSec" : 0.7292444527416257
  },
  "HTTP Request_update" : {
    "transaction" : "HTTP Request_update",
    "sampleCount" : 20,
    "errorCount" : 0,
    "errorPct" : 0.0,
    "meanResTime" : 359.2,
    "medianResTime" : 352.0,
    "minResTime" : 348.0,
    "maxResTime" : 441.0,
    "pct1ResTime" : 396.4000000000001,
    "pct2ResTime" : 438.95,
    "pct3ResTime" : 441.0,
    "throughput" : 4.887585532746823,
    "receivedKBytesPerSec" : 3.51724783113392,
    "sentKBytesPerSec" : 1.1789390884652982
  },
  "Total" : {
    "transaction" : "Total",
    "sampleCount" : 100,
    "errorCount" : 0,
    "errorPct" : 0.0,
    "meanResTime" : 199.60000000000002,
    "medianResTime" : 97.0,
    "minResTime" : 15.0,
    "maxResTime" : 1058.0,
    "pct1ResTime" : 358.9,
    "pct2ResTime" : 440.69999999999993,
    "pct3ResTime" : 1056.7099999999994,
    "throughput" : 18.008283810552854,
    "receivedKBytesPerSec" : 19.693746623446785,
    "sentKBytesPerSec" : 3.5875877903835764
  },
  "HTTP Request_delete" : {
    "transaction" : "HTTP Request_delete",
    "sampleCount" : 20,
    "errorCount" : 0,
    "errorPct" : 0.0,
    "meanResTime" : 20.35,
    "medianResTime" : 20.5,
    "minResTime" : 15.0,
    "maxResTime" : 27.0,
    "pct1ResTime" : 27.0,
    "pct2ResTime" : 27.0,
    "pct3ResTime" : 27.0,
    "throughput" : 5.310674455655868,
    "receivedKBytesPerSec" : 5.181019317578333,
    "sentKBytesPerSec" : 0.8816549389272438
  },
  "HTTP Request_create" : {
    "transaction" : "HTTP Request_create",
    "sampleCount" : 20,
    "errorCount" : 0,
    "errorPct" : 0.0,
    "meanResTime" : 363.7,
    "medianResTime" : 350.5,
    "minResTime" : 345.0,
    "maxResTime" : 569.0,
    "pct1ResTime" : 375.20000000000005,
    "pct2ResTime" : 559.3999999999999,
    "pct3ResTime" : 569.0,
    "throughput" : 4.997501249375313,
    "receivedKBytesPerSec" : 3.3772176411794104,
    "sentKBytesPerSec" : 1.2591360569715142
  },
  "HTTP Request_list_resource" : {
    "transaction" : "HTTP Request_list_resource",
    "sampleCount" : 20,
    "errorCount" : 0,
    "errorPct" : 0.0,
    "meanResTime" : 21.45,
    "medianResTime" : 21.0,
    "minResTime" : 17.0,
    "maxResTime" : 28.0,
    "pct1ResTime" : 26.60000000000001,
    "pct2ResTime" : 27.95,
    "pct3ResTime" : 28.0,
    "throughput" : 5.451076587626057,
    "receivedKBytesPerSec" : 7.567627418915236,
    "sentKBytesPerSec" : 0.904963886617607
  }
}