{
  "HTTP Request_register_successful" : {
    "transaction" : "HTTP Request_register_successful",
    "sampleCount" : 1700,
    "errorCount" : 96,
    "errorPct" : 5.647059,
    "meanResTime" : 8300.059411764709,
    "medianResTime" : 8088.5,
    "minResTime" : 1772.0,
    "maxResTime" : 16371.0,
    "pct1ResTime" : 14220.6,
    "pct2ResTime" : 15049.95,
    "pct3ResTime" : 15626.44,
    "throughput" : 99.87075549289155,
    "receivedKBytesPerSec" : 174.9991164926272,
    "sentKBytesPerSec" : 16.10392984079427
  },
  "HTTP Request_update" : {
    "transaction" : "HTTP Request_update",
    "sampleCount" : 1700,
    "errorCount" : 0,
    "errorPct" : 0.0,
    "meanResTime" : 412.4894117647057,
    "medianResTime" : 392.0,
    "minResTime" : 347.0,
    "maxResTime" : 1644.0,
    "pct1ResTime" : 458.9000000000001,
    "pct2ResTime" : 516.0,
    "pct3ResTime" : 706.95,
    "throughput" : 179.06045923741308,
    "receivedKBytesPerSec" : 128.7817881688435,
    "sentKBytesPerSec" : 43.19134124183695
  },
  "Total" : {
    "transaction" : "Total",
    "sampleCount" : 8500,
    "errorCount" : 96,
    "errorPct" : 1.1294118,
    "meanResTime" : 1860.7578823529375,
    "medianResTime" : 374.0,
    "minResTime" : 13.0,
    "maxResTime" : 16371.0,
    "pct1ResTime" : 8088.900000000001,
    "pct2ResTime" : 11266.349999999999,
    "pct3ResTime" : 15049.99,
    "throughput" : 467.62392033888983,
    "receivedKBytesPerSec" : 515.4383050180173,
    "sentKBytesPerSec" : 92.25686994553557
  },
  "HTTP Request_delete" : {
    "transaction" : "HTTP Request_delete",
    "sampleCount" : 1700,
    "errorCount" : 0,
    "errorPct" : 0.0,
    "meanResTime" : 69.35117647058844,
    "medianResTime" : 48.0,
    "minResTime" : 13.0,
    "maxResTime" : 1312.0,
    "pct1ResTime" : 124.0,
    "pct2ResTime" : 151.0,
    "pct3ResTime" : 282.97,
    "throughput" : 185.36691745720205,
    "receivedKBytesPerSec" : 180.58600990895215,
    "sentKBytesPerSec" : 30.77380465598081
  },
  "HTTP Request_create" : {
    "transaction" : "HTTP Request_create",
    "sampleCount" : 1700,
    "errorCount" : 0,
    "errorPct" : 0.0,
    "meanResTime" : 431.5735294117644,
    "medianResTime" : 406.0,
    "minResTime" : 347.0,
    "maxResTime" : 1640.0,
    "pct1ResTime" : 520.0,
    "pct2ResTime" : 609.0,
    "pct3ResTime" : 712.8500000000001,
    "throughput" : 169.57605985037407,
    "receivedKBytesPerSec" : 114.69802057356608,
    "sentKBytesPerSec" : 42.725218204488776
  },
  "HTTP Request_list_resource" : {
    "transaction" : "HTTP Request_list_resource",
    "sampleCount" : 1700,
    "errorCount" : 0,
    "errorPct" : 0.0,
    "meanResTime" : 90.31588235294112,
    "medianResTime" : 59.0,
    "minResTime" : 16.0,
    "maxResTime" : 1305.0,
    "pct1ResTime" : 138.0,
    "pct2ResTime" : 188.94999999999982,
    "pct3ResTime" : 782.0,
    "throughput" : 185.4478018981128,
    "receivedKBytesPerSec" : 257.6230892740264,
    "sentKBytesPerSec" : 30.78723273699138
  }
}