{
  "HTTP Request_register_successful" : {
    "transaction" : "HTTP Request_register_successful",
    "sampleCount" : 400,
    "errorCount" : 0,
    "errorPct" : 0.0,
    "meanResTime" : 1189.9550000000008,
    "medianResTime" : 565.5,
    "minResTime" : 101.0,
    "maxResTime" : 3811.0,
    "pct1ResTime" : 3409.3,
    "pct2ResTime" : 3610.6,
    "pct3ResTime" : 3749.9700000000003,
    "throughput" : 72.92616226071102,
    "receivedKBytesPerSec" : 124.50611041476753,
    "sentKBytesPerSec" : 12.462967183226983
  },
  "HTTP Request_update" : {
    "transaction" : "HTTP Request_update",
    "sampleCount" : 400,
    "errorCount" : 0,
    "errorPct" : 0.0,
    "meanResTime" : 372.98750000000024,
    "medianResTime" : 362.0,
    "minResTime" : 343.0,
    "maxResTime" : 938.0,
    "pct1ResTime" : 396.0,
    "pct2ResTime" : 422.6499999999999,
    "pct3ResTime" : 735.7400000000011,
    "throughput" : 119.29615269907545,
    "receivedKBytesPerSec" : 85.80643733223978,
    "sentKBytesPerSec" : 28.775536832687145
  },
  "Total" : {
    "transaction" : "Total",
    "sampleCount" : 2000,
    "errorCount" : 0,
    "errorPct" : 0.0,
    "meanResTime" : 409.5480000000008,
    "medianResTime" : 348.0,
    "minResTime" : 13.0,
    "maxResTime" : 3811.0,
    "pct1ResTime" : 630.0,
    "pct2ResTime" : 2218.449999999998,
    "pct3ResTime" : 3610.92,
    "throughput" : 321.90568163528087,
    "receivedKBytesPerSec" : 351.93438908337356,
    "sentKBytesPerSec" : 64.12964751327861
  },
  "HTTP Request_delete" : {
    "transaction" : "HTTP Request_delete",
    "sampleCount" : 400,
    "errorCount" : 0,
    "errorPct" : 0.0,
    "meanResTime" : 55.21749999999996,
    "medianResTime" : 29.0,
    "minResTime" : 13.0,
    "maxResTime" : 623.0,
    "pct1ResTime" : 83.90000000000003,
    "pct2ResTime" : 262.84999999999997,
    "pct3ResTime" : 451.98,
    "throughput" : 132.89036544850498,
    "receivedKBytesPerSec" : 129.4889431063123,
    "sentKBytesPerSec" : 22.06187707641196
  },
  "HTTP Request_create" : {
    "transaction" : "HTTP Request_create",
    "sampleCount" : 400,
    "errorCount" : 0,
    "errorPct" : 0.0,
    "meanResTime" : 374.6500000000002,
    "medianResTime" : 364.0,
    "minResTime" : 342.0,
    "maxResTime" : 728.0,
    "pct1ResTime" : 394.90000000000003,
    "pct2ResTime" : 440.95,
    "pct3ResTime" : 609.9200000000001,
    "throughput" : 113.73329542223486,
    "receivedKBytesPerSec" : 76.89548087858971,
    "sentKBytesPerSec" : 28.655459198180267
  },
  "HTTP Request_list_resource" : {
    "transaction" : "HTTP Request_list_resource",
    "sampleCount" : 400,
    "errorCount" : 0,
    "errorPct" : 0.0,
    "meanResTime" : 54.93000000000002,
    "medianResTime" : 30.5,
    "minResTime" : 13.0,
    "maxResTime" : 630.0,
    "pct1ResTime" : 60.0,
    "pct2ResTime" : 274.1999999999998,
    "pct3ResTime" : 581.99,
    "throughput" : 131.19055428009182,
    "receivedKBytesPerSec" : 182.269673458511,
    "sentKBytesPerSec" : 21.77968186290587
  }
}