{
  "HTTP Request_register_successful" : {
    "transaction" : "HTTP Request_register_successful",
    "sampleCount" : 1400,
    "errorCount" : 6,
    "errorPct" : 0.42857143,
    "meanResTime" : 7219.107142857144,
    "medianResTime" : 7974.0,
    "minResTime" : 95.0,
    "maxResTime" : 15195.0,
    "pct1ResTime" : 12696.1,
    "pct2ResTime" : 13658.7,
    "pct3ResTime" : 14893.79,
    "throughput" : 91.25871846685354,
    "receivedKBytesPerSec" : 155.95666840492797,
    "sentKBytesPerSec" : 15.529132512548074
  },
  "HTTP Request_update" : {
    "transaction" : "HTTP Request_update",
    "sampleCount" : 1400,
    "errorCount" : 0,
    "errorPct" : 0.0,
    "meanResTime" : 393.1350000000001,
    "medianResTime" : 372.0,
    "minResTime" : 344.0,
    "maxResTime" : 1898.0,
    "pct1ResTime" : 411.9000000000001,
    "pct2ResTime" : 491.0,
    "pct3ResTime" : 1014.8500000000001,
    "throughput" : 136.04120104946068,
    "receivedKBytesPerSec" : 97.85723720969779,
    "sentKBytesPerSec" : 32.8146256437664
  },
  "Total" : {
    "transaction" : "Total",
    "sampleCount" : 7000,
    "errorCount" : 6,
    "errorPct" : 0.08571429,
    "meanResTime" : 1621.4059999999993,
    "medianResTime" : 360.0,
    "minResTime" : 12.0,
    "maxResTime" : 15195.0,
    "pct1ResTime" : 7974.0,
    "pct2ResTime" : 11146.8,
    "pct3ResTime" : 13659.739999999994,
    "throughput" : 432.7398615232443,
    "receivedKBytesPerSec" : 473.2547688319115,
    "sentKBytesPerSec" : 86.14650465968101
  },
  "HTTP Request_delete" : {
    "transaction" : "HTTP Request_delete",
    "sampleCount" : 1400,
    "errorCount" : 0,
    "errorPct" : 0.0,
    "meanResTime" : 49.252142857142836,
    "medianResTime" : 34.0,
    "minResTime" : 12.0,
    "maxResTime" : 2447.0,
    "pct1ResTime" : 70.0,
    "pct2ResTime" : 102.90000000000009,
    "pct3ResTime" : 264.8900000000001,
    "throughput" : 141.029515462879,
    "receivedKBytesPerSec" : 137.38651531177598,
    "sentKBytesPerSec" : 23.413103153017026
  },
  "HTTP Request_create" : {
    "transaction" : "HTTP Request_create",
    "sampleCount" : 1400,
    "errorCount" : 0,
    "errorPct" : 0.0,
    "meanResTime" : 394.8100000000003,
    "medianResTime" : 372.0,
    "minResTime" : 346.0,
    "maxResTime" : 1787.0,
    "pct1ResTime" : 424.9000000000001,
    "pct2ResTime" : 497.95000000000005,
    "pct3ResTime" : 975.97,
    "throughput" : 135.33107781536972,
    "receivedKBytesPerSec" : 91.53840925567907,
    "sentKBytesPerSec" : 34.09708796520058
  },
  "HTTP Request_list_resource" : {
    "transaction" : "HTTP Request_list_resource",
    "sampleCount" : 1400,
    "errorCount" : 0,
    "errorPct" : 0.0,
    "meanResTime" : 50.725714285714325,
    "medianResTime" : 36.0,
    "minResTime" : 13.0,
    "maxResTime" : 1900.0,
    "pct1ResTime" : 73.0,
    "pct2ResTime" : 105.95000000000005,
    "pct3ResTime" : 366.99,
    "throughput" : 140.53402931138325,
    "receivedKBytesPerSec" : 195.24074294820318,
    "sentKBytesPerSec" : 23.33084470989761
  }
}