{
  "HTTP Request_register_successful" : {
    "transaction" : "HTTP Request_register_successful",
    "sampleCount" : 1600,
    "errorCount" : 0,
    "errorPct" : 0.0,
    "meanResTime" : 9052.251250000016,
    "medianResTime" : 9285.0,
    "minResTime" : 3132.0,
    "maxResTime" : 15186.0,
    "pct1ResTime" : 12248.300000000001,
    "pct2ResTime" : 13011.9,
    "pct3ResTime" : 14589.59,
    "throughput" : 104.0650406504065,
    "receivedKBytesPerSec" : 177.7005843495935,
    "sentKBytesPerSec" : 17.784552845528456
  },
  "HTTP Request_update" : {
    "transaction" : "HTTP Request_update",
    "sampleCount" : 1600,
    "errorCount" : 0,
    "errorPct" : 0.0,
    "meanResTime" : 532.9775000000004,
    "medianResTime" : 467.5,
    "minResTime" : 343.0,
    "maxResTime" : 1616.0,
    "pct1ResTime" : 782.9000000000001,
    "pct2ResTime" : 1013.0,
    "pct3ResTime" : 1290.790000000001,
    "throughput" : 157.24815724815724,
    "receivedKBytesPerSec" : 113.09563114250614,
    "sentKBytesPerSec" : 37.92997542997543
  },
  "Total" : {
    "transaction" : "Total",
    "sampleCount" : 8000,
    "errorCount" : 0,
    "errorPct" : 0.0,
    "meanResTime" : 2093.2787500000113,
    "medianResTime" : 406.0,
    "minResTime" : 13.0,
    "maxResTime" : 15186.0,
    "pct1ResTime" : 9285.800000000001,
    "pct2ResTime" : 11072.95,
    "pct3ResTime" : 13011.98,
    "throughput" : 440.31041884528594,
    "receivedKBytesPerSec" : 481.3788251967637,
    "sentKBytesPerSec" : 87.7180912543343
  },
  "HTTP Request_delete" : {
    "transaction" : "HTTP Request_delete",
    "sampleCount" : 1600,
    "errorCount" : 0,
    "errorPct" : 0.0,
    "meanResTime" : 191.76437499999994,
    "medianResTime" : 127.0,
    "minResTime" : 13.0,
    "maxResTime" : 1871.0,
    "pct1ResTime" : 357.9000000000001,
    "pct2ResTime" : 538.4999999999982,
    "pct3ResTime" : 1102.8000000000002,
    "throughput" : 162.9493838476423,
    "receivedKBytesPerSec" : 158.74774830685405,
    "sentKBytesPerSec" : 27.052143802831242
  },
  "HTTP Request_create" : {
    "transaction" : "HTTP Request_create",
    "sampleCount" : 1600,
    "errorCount" : 0,
    "errorPct" : 0.0,
    "meanResTime" : 481.35312499999975,
    "medianResTime" : 433.0,
    "minResTime" : 349.0,
    "maxResTime" : 1683.0,
    "pct1ResTime" : 597.0,
    "pct2ResTime" : 863.4999999999982,
    "pct3ResTime" : 1551.98,
    "throughput" : 169.43767870380174,
    "receivedKBytesPerSec" : 114.57519789791381,
    "sentKBytesPerSec" : 42.690352642168804
  },
  "HTTP Request_list_resource" : {
    "transaction" : "HTTP Request_list_resource",
    "sampleCount" : 1600,
    "errorCount" : 0,
    "errorPct" : 0.0,
    "meanResTime" : 208.04750000000004,
    "medianResTime" : 106.0,
    "minResTime" : 15.0,
    "maxResTime" : 2133.0,
    "pct1ResTime" : 345.9000000000001,
    "pct2ResTime" : 1016.7999999999993,
    "pct3ResTime" : 1588.91,
    "throughput" : 162.4035728786033,
    "receivedKBytesPerSec" : 225.59882352568005,
    "sentKBytesPerSec" : 26.96153065367438
  }
}