{
  "HTTP Request_register_successful" : {
    "transaction" : "HTTP Request_register_successful",
    "sampleCount" : 700,
    "errorCount" : 0,
    "errorPct" : 0.0,
    "meanResTime" : 3229.950000000001,
    "medianResTime" : 3856.0,
    "minResTime" : 89.0,
    "maxResTime" : 7798.0,
    "pct1ResTime" : 5932.5,
    "pct2ResTime" : 6045.9,
    "pct3ResTime" : 6789.270000000002,
    "throughput" : 78.56341189674524,
    "receivedKBytesPerSec" : 134.15798611111111,
    "sentKBytesPerSec" : 13.42636433782267
  },
  "HTTP Request_update" : {
    "transaction" : "HTTP Request_update",
    "sampleCount" : 700,
    "errorCount" : 0,
    "errorPct" : 0.0,
    "meanResTime" : 483.0228571428568,
    "medianResTime" : 375.0,
    "minResTime" : 343.0,
    "maxResTime" : 1658.0,
    "pct1ResTime" : 828.9,
    "pct2ResTime" : 1311.8999999999999,
    "pct3ResTime" : 1556.8200000000002,
    "throughput" : 206.55060489820008,
    "receivedKBytesPerSec" : 148.58907033785778,
    "sentKBytesPerSec" : 49.82226504868693
  },
  "Total" : {
    "transaction" : "Total",
    "sampleCount" : 3500,
    "errorCount" : 0,
    "errorPct" : 0.0,
    "meanResTime" : 843.9345714285722,
    "medianResTime" : 361.0,
    "minResTime" : 13.0,
    "maxResTime" : 7798.0,
    "pct1ResTime" : 3856.0,
    "pct2ResTime" : 5257.9,
    "pct3ResTime" : 6045.98,
    "throughput" : 362.3188405797101,
    "receivedKBytesPerSec" : 396.13823110766043,
    "sentKBytesPerSec" : 72.18070652173913
  },
  "HTTP Request_delete" : {
    "transaction" : "HTTP Request_delete",
    "sampleCount" : 700,
    "errorCount" : 0,
    "errorPct" : 0.0,
    "meanResTime" : 84.20571428571422,
    "medianResTime" : 28.0,
    "minResTime" : 13.0,
    "maxResTime" : 1251.0,
    "pct1ResTime" : 155.89999999999998,
    "pct2ResTime" : 571.8499999999998,
    "pct3ResTime" : 819.8200000000002,
    "throughput" : 230.49061573921634,
    "receivedKBytesPerSec" : 224.4994031939414,
    "sentKBytesPerSec" : 38.265043628580834
  },
  "HTTP Request_create" : {
    "transaction" : "HTTP Request_create",
    "sampleCount" : 700,
    "errorCount" : 0,
    "errorPct" : 0.0,
    "meanResTime" : 381.1042857142857,
    "medianResTime" : 375.0,
    "minResTime" : 344.0,
    "maxResTime" : 2048.0,
    "pct1ResTime" : 398.0,
    "pct2ResTime" : 417.0,
    "pct3ResTime" : 446.99,
    "throughput" : 203.72526193247964,
    "receivedKBytesPerSec" : 137.81127219150176,
    "sentKBytesPerSec" : 51.32921638533178
  },
  "HTTP Request_list_resource" : {
    "transaction" : "HTTP Request_list_resource",
    "sampleCount" : 700,
    "errorCount" : 0,
    "errorPct" : 0.0,
    "meanResTime" : 41.390000000000036,
    "medianResTime" : 38.0,
    "minResTime" : 14.0,
    "maxResTime" : 568.0,
    "pct1ResTime" : 47.0,
    "pct2ResTime" : 50.0,
    "pct3ResTime" : 343.7900000000002,
    "throughput" : 228.6087524493795,
    "receivedKBytesPerSec" : 317.58820317602874,
    "sentKBytesPerSec" : 37.95262491835402
  }
}